USE DATABASE nakam_food
-- tabel pelanggan
INSERT INTO pelanggan VALUES('081234567891','Muhammad','F','Bambang','MuhammadBambang@gmail.com');
INSERT INTO pelanggan VALUES('081234567892','Darmono','G','Putra','DarmonoPutra@gmail.com');
INSERT INTO pelanggan VALUES('081234567893','Rowan','D','Abdul','RowanAbdul@gmail.com');
INSERT INTO pelanggan VALUES('081234567894','Karisma','G','Putri','KarismaPutri@gmail.com');
INSERT INTO pelanggan VALUES('081234567895','Fadhel','E','Ikhsan','FadhelIkhsan@gmail.com');
INSERT INTO pelanggan VALUES('081234567896','Freddie','T','Berton','FreddieBerton@gmail.com');
INSERT INTO pelanggan VALUES('081234567897','Angga','H','Hanura','AnggaHanura@gmail.com');
INSERT INTO pelanggan VALUES('081234567898','Ipul','E','Fattah','IpulFattah@gmail.com');
INSERT INTO pelanggan VALUES('081234567899','Hilmy','U','Saeful','HilmySaeful@gmail.com');
INSERT INTO pelanggan VALUES('081234567900','Hafizh','Z','Fahmi','HafizhFahmi@gmail.com');
INSERT INTO pelanggan VALUES('081234567901','Aldin','A','Cahaya','AldinCahaya@gmail.com');
INSERT INTO pelanggan VALUES('081234567902','Fitra','G','Nugroho','FitraNugroho@gmail.com');
INSERT INTO pelanggan VALUES('081234567903','Rizky','K','Febian','RizkyFebian@gmail.com');
INSERT INTO pelanggan VALUES('081234567904','Bena','E','Marumpatan','BenaMarumpatan@gmail.com');
INSERT INTO pelanggan VALUES('081234567905','Rama','C','Toranggi','RamaToranggi@gmail.com');
INSERT INTO pelanggan VALUES('081234567906','Putra','B','Boni','PutraBoni@gmail.com');
INSERT INTO pelanggan VALUES('081234567907','Pandu','G','Simatupang','PanduSimatupang@gmail.com');
INSERT INTO pelanggan VALUES('081234567908','Candra','S','Sabila','CandraSabila@gmail.com');
INSERT INTO pelanggan VALUES('081234567909','Reza','H','Hakim','RezaHakim@gmail.com');
INSERT INTO pelanggan VALUES('081234567910','Heru','I','Herman','HeruHerman@gmail.com');

-- tabel driver
INSERT INTO driver VALUES('1','08881123234','AE 1345 EC','Setiawan','R','Kusuma');
INSERT INTO driver VALUES('2','087811232325','N 1234 OK','Suripto','A','Diredja');
INSERT INTO driver VALUES('3','088711223234','B 1111 EE','Abraham','L','Singarimbun');
INSERT INTO driver VALUES('4','088511232325','W 2222 EA','Arya','S','Joshua');
INSERT INTO driver VALUES('5','088811236234','S 3333 FG','Hendri','B','Yuwono');
INSERT INTO driver VALUES('6','088811553232','W 4566 KK','Budi','S','Binomo');
INSERT INTO driver VALUES('7','088811432345','N 3337 WQ','Benny','A','Sumadi');
INSERT INTO driver VALUES('8','088812253232','N 7475 GH','Handoko','I','Tahyadi');
INSERT INTO driver VALUES('9','08881912332','W 7256 WR','Jayawan','K','Bumi');
INSERT INTO driver VALUES('10','088812232328','N 4433 JA','Agus','H','Agusalim');
INSERT INTO driver VALUES('11','088810293484','W 4431 QQ','Simeon','E','Sudarmono');
INSERT INTO driver VALUES('12','087811232329','W 3341 IO','Djaja','Y','Lesmono');
INSERT INTO driver VALUES('13','088812283234','W 1113 PP','Daniel','B','Raharjo');
INSERT INTO driver VALUES('14','089898989898','N 4444 WW','Pahlawan','X','Rangkabumi');
INSERT INTO driver VALUES('15','08888881111','AE 4411 LP','Jordan','P','Napitu');
INSERT INTO driver VALUES('16','088991100223','N 4231 WQ','Wibawa','A','Muljana');
INSERT INTO driver VALUES('17','08812345679','N 3156 KF','Elah','S','Ajartambun');
INSERT INTO driver VALUES('18','088765432123','AE 5611 FA','Yuda','C','Iskandar');
INSERT INTO driver VALUES('19','088888888888','N 5122 AT','Buana','H','Santoso');
INSERT INTO driver VALUES('20','088442211335','W 2216 AW','Slamet','S','Suratman');

-- tabel restoran
INSERT INTO restoran VALUES('Warung Pink','Jl. Sunan Muria No. 4');
INSERT INTO restoran VALUES('Sate Pak Jojo','Jl. Mayjend 23 No. 22');
INSERT INTO restoran VALUES('Bubur Ayam Bu Hj. Inem','Jl. Cilegon No. 4');
INSERT INTO restoran VALUES('McDonalds','Jl. Serang No. 1');
INSERT INTO restoran VALUES('BurgerKing','Jl. Candi VI B No. 91');
INSERT INTO restoran VALUES('AW','Jl. Prasmanan No. 215');
INSERT INTO restoran VALUES('Jco','Jl. Veteran V A No. 201');
INSERT INTO restoran VALUES('Starbucks','Jl. Pegangsaan Timur No. 56');
INSERT INTO restoran VALUES('Dunkin Donuts','Jl. Merapi Blok A No. 11');
INSERT INTO restoran VALUES('Warung Pecel Lele Bu Lela','Ruko Soekarno-Hatta No. 161');
INSERT INTO restoran VALUES('Bakso Mas Damas','Jl. Pamanukan 2 B');
INSERT INTO restoran VALUES('Bakso President','Ruko Taman Aster Blok A1 No. 170');
INSERT INTO restoran VALUES('Sate Taichan Mantap','Ruko Pamali Kav. 4');
INSERT INTO restoran VALUES('Bubur Kacang Ijo Hehe','Perum Puri Nirwana Kav. 18');
INSERT INTO restoran VALUES('Mie Goreng Gak','Ruko Barbara No. 11');
INSERT INTO restoran VALUES('Nasi Campur 9k','Jl. Serampanan No. 151');
INSERT INTO restoran VALUES('Nasi Lalapan Bu Retno','Ruko Bumi Ayu Kav. 5');
INSERT INTO restoran VALUES('Lalapan Mbah Mamet','Jl. Malang Damai Blok F No. 194');
INSERT INTO restoran VALUES('Sate Ayam Bu Ratna','Ruko Damar Kav. 55');
INSERT INTO restoran VALUES('Nasi Kuning Pak Gentong','Perum Puja Harapan Kav. 4');
INSERT INTO restoran VALUES('Sop Buntut Enak','Perum Mana Tahu Kav. 99');
INSERT INTO restoran VALUES('Martabrakkk dan Terang Bulan','Jl. Pepaya No. 69');
INSERT INTO restoran VALUES('Roti John Legend','Jl. Anggur Blok D No. 124');
INSERT INTO restoran VALUES('Kebab Mancho','Jl. Pisang Besar No. 151');
INSERT INTO restoran VALUES('Batagor Siomay Bandung','Perum Manuk Blok A4 No. 55');
INSERT INTO restoran VALUES('Nasi Rawon Bu Marni','Ruko Rafifauzan No. 1');
INSERT INTO restoran VALUES('Nasi Goreng 69','Perum Romania Kav. 5');
INSERT INTO restoran VALUES('d'' Kost','Jl. Sunan Kalijaga No. 14');
INSERT INTO restoran VALUES('Kopi Senja 21','Jl. Rowan Mulia No. 44');
INSERT INTO restoran VALUES('Chat Time','Ruko Ashari Kav. 4');

-- tabel produk
INSERT INTO produk VALUES('1','Nasi Pecel','Indonesian',6000,'Warung Pink');
INSERT INTO produk VALUES('2','Nasi Jotos','Indonesian',6000,'Warung Pink');
INSERT INTO produk VALUES('1','Sate Ayam','Indonesian',10000,'Sate Pak Jojo');
INSERT INTO produk VALUES('2','Sate Kambing','Indonesian',10000,'Sate Pak Jojo');
INSERT INTO produk VALUES('3','Sate Kelinci','Indonesian',10000,'Sate Pak Jojo');
INSERT INTO produk VALUES('1','Bubur Ayam Lada hitam','Indonesian',10000,'Bubur Ayam Bu Hj. Inem');
INSERT INTO produk VALUES('2','Es teh','Minuman',3000,'Bubur Ayam Bu Hj. Inem');
INSERT INTO produk VALUES('1','Burger Double Dulux','Fast Food',30000,'McDonalds');
INSERT INTO produk VALUES('2','Fried Chicken','Fast Food',20000,'McDonalds');
INSERT INTO produk VALUES('3','Float','Drinks',6000,'McDonalds');
INSERT INTO produk VALUES('1','Burger Double Cheese','Fast Food',30000,'BurgerKing');
INSERT INTO produk VALUES('2','Burger Cheese','Fast Food',25000,'BurgerKing');
INSERT INTO produk VALUES('3','Spicy Burger','Fast Food',25000,'BurgerKing');
INSERT INTO produk VALUES('4','Spicy Chicken','Fast Food',30000,'BurgerKing');
INSERT INTO produk VALUES('1','Float Cream','Minuman',10000,'AW');
INSERT INTO produk VALUES('2','Pizza AW','Fast Food',30000,'AW');
INSERT INTO produk VALUES('1','Choco Donnut','Snacks',30000,'Jco');
INSERT INTO produk VALUES('2','Strawbery Donnut','Snacks',30000,'Jco');
INSERT INTO produk VALUES('3','Melon Donnut','Snacks',30000,'Jco');
INSERT INTO produk VALUES('1','Strong Coffe','Drinks',30000,'Starbucks');
INSERT INTO produk VALUES('2','Milk Coffe','Drinks',30000,'Starbucks');
INSERT INTO produk VALUES('3','Green tea','Drinks',30000,'Starbucks');
INSERT INTO produk VALUES('1','Vanila Donnut','Snacks',30000,'Dunkin Donuts');
INSERT INTO produk VALUES('2','Strawbery Donnut','Snacks',30000,'Dunkin Donuts');
INSERT INTO produk VALUES('3','Spicy Donnut','Snacks',30000,'Dunkin Donuts');
INSERT INTO produk VALUES('1','Lalapan Lele','Indonesian',8000,'Warung Pecel Lele Bu Lela');
INSERT INTO produk VALUES('2','Lalapan Ayam','Indonesian',8000,'Warung Pecel Lele Bu Lela');
INSERT INTO produk VALUES('3','Lalapan Bebek','Indonesian',8000,'Warung Pecel Lele Bu Lela');
INSERT INTO produk VALUES('1','Bakso Paket 1','Bakso',10000,'Bakso Mas Damas');
INSERT INTO produk VALUES('2','Bakso Paket 2','Bakso',12000,'Bakso Mas Damas');
INSERT INTO produk VALUES('3','Bakso Paket 3','Bakso',15000,'Bakso Mas Damas');
INSERT INTO produk VALUES('1','Bakso Ayam','Bakso',10000,'Bakso President');
INSERT INTO produk VALUES('2','Bakso Sapi','Bakso',10000,'Bakso President');
INSERT INTO produk VALUES('3','Bakso kelinci','Bakso',10000,'Bakso President');
INSERT INTO produk VALUES('1','Sate Kelinci','Indonesian',10000,'Sate Taichan Mantap');
INSERT INTO produk VALUES('2','Sate Kambing','Indonesian',10000,'Sate Taichan Mantap');
INSERT INTO produk VALUES('1','Bubur Kacang Ijo Spesial','Indonesian',10000,'Bubur Kacang Ijo Hehe');
INSERT INTO produk VALUES('1','Mie Goreng Ayam ','Fast Food',8000,'Mie Goreng Gak');
INSERT INTO produk VALUES('2','Mie Goreng Bakso','Fast Food',8000,'Mie Goreng Gak');
INSERT INTO produk VALUES('3','Mie Goreng','Fast Food',6000,'Mie Goreng Gak');
INSERT INTO produk VALUES('1','Nasi Campur ','Indonesian',9000,'Nasi Campur 9k');
INSERT INTO produk VALUES('1','Lalapan Ayam','Indonesian',10000,'Nasi Lalapan Bu Retno');
INSERT INTO produk VALUES('2','Lalapan Telur','Indonesian',10000,'Nasi Lalapan Bu Retno');
INSERT INTO produk VALUES('3','Lalapan Lele','Indonesian',10000,'Nasi Lalapan Bu Retno');
INSERT INTO produk VALUES('1','Lalapan Ayam Bakar','Indonesian',10000,'Lalapan Mbah Mamet');
INSERT INTO produk VALUES('2','Lalapan Ayam Panggang','Indonesian',10000,'Lalapan Mbah Mamet');
INSERT INTO produk VALUES('3','Lalapan Ayam Goreng','Indonesian',10000,'Lalapan Mbah Mamet');
INSERT INTO produk VALUES('1','Sate Ayam','Indonesian',10000,'Sate Ayam Bu Ratna');
INSERT INTO produk VALUES('2','Sate Kambing','Indonesian',10000,'Sate Ayam Bu Ratna');
INSERT INTO produk VALUES('3','Sate Kelinci','Indonesian',10000,'Sate Ayam Bu Ratna');
INSERT INTO produk VALUES('1','Nasi Kuning','Indonesian',10000,'Nasi Kuning Pak Gentong');
INSERT INTO produk VALUES('1','Sop Buntut Pedas','Soup',10000,'Sop Buntut Enak');
INSERT INTO produk VALUES('2','Sop Buntut Pedas','Soup',10000,'Sop Buntut Enak');
INSERT INTO produk VALUES('1','Martabak Ayam','Snacks',10000,'Martabrakkk dan Terang Bulan');
INSERT INTO produk VALUES('2','Martabak Manis','Snacks',10000,'Martabrakkk dan Terang Bulan');
INSERT INTO produk VALUES('1','Roti John Legend Manis','Snacks',10000,'Roti John Legend');
INSERT INTO produk VALUES('2','Roti John Super Legend','Snacks',14000,'Roti John Legend');
INSERT INTO produk VALUES('1','Kebab Turki Spesial','Middle East',10000,'Kebab Mancho');
INSERT INTO produk VALUES('2','Kebab Turki','Middle East',10000,'Kebab Mancho');
INSERT INTO produk VALUES('1','Batagor Bandung','Snacks',10000,'Batagor Siomay Bandung');
INSERT INTO produk VALUES('2','Siomay Bandung','Snacks',10000,'Batagor Siomay Bandung');
INSERT INTO produk VALUES('1','Rawon Nelongso','Indonesian',10000,'Nasi Rawon Bu Marni');
INSERT INTO produk VALUES('2','Rawon ','Indonesian',10000,'Nasi Rawon Bu Marni');
INSERT INTO produk VALUES('1','Nasi Goreng Jawa','Indonesian',10000,'Nasi Goreng 69');
INSERT INTO produk VALUES('2','Nasi Goreng Sunda','Indonesian',10000,'Nasi Goreng 69');
INSERT INTO produk VALUES('3','Nasi Goreng ayam','Indonesian',10000,'Nasi Goreng 69');
INSERT INTO produk VALUES('4','Es teh','Drinks',5000,'Nasi Goreng 69');
INSERT INTO produk VALUES('1','Strong Coffe','Drinks',10000,'d'' Kost');
INSERT INTO produk VALUES('2','Milk Tea','Drinks',10000,'d'' Kost');
INSERT INTO produk VALUES('1','Coffe Senja Hampir Maghrib','Drinks',10000,'Kopi Senja 21');
INSERT INTO produk VALUES('2','Coffe Senja Strong','Drinks',10000,'Kopi Senja 21');
INSERT INTO produk VALUES('1','Blue Chatime','Drinks',10000,'Chat Time');
INSERT INTO produk VALUES('2','Red Chatime','Drinks',10000,'Chat Time');
INSERT INTO produk VALUES('3','Green Chatime','Drinks',10000,'Chat Time');
INSERT INTO produk VALUES('4','Taro Chatime','Drinks',10000,'Chat Time');



-- tabel pesanan
INSERT INTO pesanan VALUES('1','2019-11-07','Jalan Candi VI B No.92','081234567891','1','BurgerKing');
INSERT INTO pesanan VALUES('2','2019-11-08','Jalan Sunan Muria No.77','081234567892','2','AW');
INSERT INTO pesanan VALUES('3','2019-11-09','Hotel SwissBerlin Room No.69','081234567893','3','Jco');
INSERT INTO pesanan VALUES('4','2019-11-10','Jalan Cilegon No.7','081234567894','4','Starbucks');
INSERT INTO pesanan VALUES('5','2019-11-11','Jalan Serang No.777','081234567895','5','Dunkin Donuts');
INSERT INTO pesanan VALUES('6','2019-11-12','SMAN 3 Malang','081234567896','6','Warung Pecel Lele Bu Lela');
INSERT INTO pesanan VALUES('7','2019-11-13','Fakultas Ilmu Komputer','081234567897','7','Bakso Mas Damas');
INSERT INTO pesanan VALUES('8','2019-11-14','Griya Universitas Brawijaya','081234567898','8','Bakso President');
INSERT INTO pesanan VALUES('9','2019-11-15','Jalan Candi Mendut No.3','081234567899','9','Sate Taichan Mantap');
INSERT INTO pesanan VALUES('10','2019-11-16','Jalan Sigura-gura No.30','081234567900','10','Bubur Kacang Ijo Hehe');
INSERT INTO pesanan VALUES('11','2019-11-17','Jalan Sunan Ampel No.45','081234567901','11','Mie Goreng Gak');
INSERT INTO pesanan VALUES('12','2019-11-18','Jalan Kediri No.55','081234567902','12','Nasi Campur 9k');
INSERT INTO pesanan VALUES('13','2019-11-19','Ruko Soekarno-Hatta No.42','081234567903','13','Nasi Lalapan Bu Retno');
INSERT INTO pesanan VALUES('14','2019-11-20','Jalan Bunga Anggrek No.666','081234567904','14','Lalapan Mbah Mamet');
INSERT INTO pesanan VALUES('15','2019-11-21','Jalan Apel No.2','081234567905','15','Sate Ayam Bu Ratna');
INSERT INTO pesanan VALUES('16','2019-11-22','Jalan Ampera No.34','081234567906','16','Nasi Kuning Pak Gentong');
INSERT INTO pesanan VALUES('17','2019-11-23','Jalan Merak No.678','081234567907','17','Sop Buntut Enak');
INSERT INTO pesanan VALUES('18','2019-11-24','Perum Cimuncang Blok F7 No.6','081234567908','18','Martabrakkk dan Terang Bulan');
INSERT INTO pesanan VALUES('19','2019-11-25','Jalan Sydney Blok G4 No.1','081234567909','19','Roti John Legend');
INSERT INTO pesanan VALUES('20','2019-11-26','Jalan Malang Damai No.335','081234567910','20','Kebab Mancho');

-- tabel barang pesanan
INSERT INTO barang_pesanan VALUES(3,'yang pedes',1,'1','1','Sate Pak Jojo');
INSERT INTO barang_pesanan VALUES(2,'yang pedes',2,'1','2','Sate Pak Jojo');
INSERT INTO barang_pesanan VALUES(2,'-',1,'2','1','Bubur Ayam Bu Hj. Inem');
INSERT INTO barang_pesanan VALUES(1,'Es Sedikit',2,'2','2','Bubur Ayam Bu Hj. Inem');
INSERT INTO barang_pesanan VALUES(3,'Keju Dipisah',1,'3','1','McDonalds');
INSERT INTO barang_pesanan VALUES(1,'-',2,'3','2','McDonalds');
INSERT INTO barang_pesanan VALUES(2,'Es Sedikit',3,'3','3','McDonalds');
INSERT INTO barang_pesanan VALUES(4,'Keju Dipisah',1,'4','1','BurgerKing');
INSERT INTO barang_pesanan VALUES(2,'Keju Dipisah',2,'4','2','BurgerKing');
INSERT INTO barang_pesanan VALUES(3,'-',1,'5','3','BurgerKing');
INSERT INTO barang_pesanan VALUES(1,'-',2,'5','4','BurgerKing');
INSERT INTO barang_pesanan VALUES(1,'-',1,'6','1','AW');
INSERT INTO barang_pesanan VALUES(2,'-',2,'6','2','AW');
INSERT INTO barang_pesanan VALUES(3,'-',1,'7','1','Jco');
INSERT INTO barang_pesanan VALUES(1,'Selai Yang Banyak',2,'7','2','Jco');
INSERT INTO barang_pesanan VALUES(1,'-',3,'7','3','Jco');
INSERT INTO barang_pesanan VALUES(2,'Panas',1,'8','1','Starbucks');
INSERT INTO barang_pesanan VALUES(1,'Gula Sedikit',2,'9','2','Starbucks');
INSERT INTO barang_pesanan VALUES(1,'tidak pakai Gula',1,'9','3','Starbucks');
INSERT INTO barang_pesanan VALUES(3,'-',1,'10','1','Dunkin Donuts');
INSERT INTO barang_pesanan VALUES(1,'-',1,'11','2','Dunkin Donuts');
INSERT INTO barang_pesanan VALUES(2,'-',2,'11','3','Dunkin Donuts');
INSERT INTO barang_pesanan VALUES(3,'Sambal Dipisah',1,'12','1','Warung Pecel Lele Bu Lela');
INSERT INTO barang_pesanan VALUES(1,'Tidak pakai Timun',2,'12','2','Warung Pecel Lele Bu Lela');
INSERT INTO barang_pesanan VALUES(3,'-',1,'13','3','Warung Pecel Lele Bu Lela');
INSERT INTO barang_pesanan VALUES(2,'Tahu yang Banyak',2,'13','1','Bakso Mas Damas');
INSERT INTO barang_pesanan VALUES(1,'Tidak Pakai Tahu',3,'13','2','Bakso Mas Damas');
INSERT INTO barang_pesanan VALUES(1,'-',1,'14','3','Bakso Mas Damas');
INSERT INTO barang_pesanan VALUES(1,'Tidak Pakai seledri',2,'15','1','Bakso President');
INSERT INTO barang_pesanan VALUES(2,'Sambal dicampur',3,'16','2','Bakso President');
INSERT INTO barang_pesanan VALUES(1,'-',1,'17','3','Bakso President');
INSERT INTO barang_pesanan VALUES(2,'Bumbu Dipisah',2,'18','1','Sate Taichan Mantap');
INSERT INTO barang_pesanan VALUES(1,'Bumbu jadi Satu',1,'18','2','Sate Taichan Mantap');
INSERT INTO barang_pesanan VALUES(2,'-',2,'19','1','Bubur Kacang Ijo Hehe');
INSERT INTO barang_pesanan VALUES(1,'Ayam Disuir',1,'19','1','Mie Goreng Gak');
INSERT INTO barang_pesanan VALUES(2,'-',2,'19','2','Mie Goreng Gak');
INSERT INTO barang_pesanan VALUES(1,'-',1,'20','3','Mie Goreng Gak');


-- tabel pembayaran
INSERT INTO pembayaran VALUES('1','1','1');
INSERT INTO pembayaran VALUES('0','2','2');
INSERT INTO pembayaran VALUES('1','3','3');
INSERT INTO pembayaran VALUES('0','4','4');
INSERT INTO pembayaran VALUES('1','5','5');
INSERT INTO pembayaran VALUES('0','6','6');
INSERT INTO pembayaran VALUES('1','7','7');
INSERT INTO pembayaran VALUES('0','8','8');
INSERT INTO pembayaran VALUES('1','9','9');
INSERT INTO pembayaran VALUES('0','10','10');
INSERT INTO pembayaran VALUES('1','11','11');
INSERT INTO pembayaran VALUES('0','12','12');
INSERT INTO pembayaran VALUES('1','13','13');
INSERT INTO pembayaran VALUES('0','14','14');
INSERT INTO pembayaran VALUES('1','15','15');
INSERT INTO pembayaran VALUES('0','16','16');
INSERT INTO pembayaran VALUES('1','17','17');
INSERT INTO pembayaran VALUES('0','18','18');
INSERT INTO pembayaran VALUES('1','19','19');
INSERT INTO pembayaran VALUES('0','20','20');


